{"train/num_episodes":1,"_wandb":{"runtime":107},"_runtime":107,"train/loss":0.047026605407396956,"train/mean_reward":18420,"_timestamp":1.7635060054818683e+09,"_step":21,"train/mean_length":3975,"global_step":14662,"num_updates":43}