{"_step":38,"train/num_episodes":1,"_wandb":{"runtime":113},"train/loss":11123.41577351888,"global_step":15344,"num_updates":45,"train/mean_length":483,"_runtime":113,"_timestamp":1.7635111493713622e+09,"train/mean_reward":200}