{"train/mean_length":2870.5,"_wandb":{"runtime":60},"train/num_episodes":2,"_step":12,"train/loss":834.2356476465861,"train/mean_reward":10110,"_timestamp":1.7635061180138958e+09,"_runtime":60,"num_updates":22,"global_step":7501}